<STATUS> at <TIME> (@100 ns),,a,b,cmd,reset,,flow(exp:act),fhigh(exp:act),cout(exp:act),equal(exp:act),ov(exp:act),sign(exp:act),cb(exp:act),ready(exp:act),can_busy(exp:act),can(exp:act)
SUCCESS at 200 ns,,00000000,00000000,----,1,,00000000:00000000,00000000:00000000,0:0,-:1,0:0,0:0,0:0,0:0,0:0,1:1
SUCCESS at 300 ns,,00000011,00000100,0000,0,,00000111:00000111,00000000:00000000,0:0,0:0,0:0,0:0,0:0,0:0,0:0,1:1
SUCCESS at 400 ns,,01000001,00000000,1100,0,,00000000:00000000,00000000:00000000,0:0,0:0,0:0,-:0,0:0,0:0,0:0,1:1
SUCCESS at 500 ns,,01000010,00000001,1100,0,,00000000:00000000,00000000:00000000,0:0,0:0,0:0,-:0,0:0,0:0,0:0,1:1
SUCCESS at 600 ns,,01000011,00000010,1100,0,,00000000:00000000,00000000:00000000,0:0,0:0,0:0,-:0,0:0,0:0,0:0,1:1
SUCCESS at 700 ns,,01000100,00000011,1100,0,,00000000:00000000,00000000:00000000,0:0,0:0,0:0,-:0,0:0,0:0,0:0,1:1
SUCCESS at 800 ns,,00000000,00000011,1101,0,,--------:00000000,--------:00000000,0:0,0:0,0:0,-:0,1:1,1:1,0:0,1:1
SUCCESS at 900 ns,,00000000,00000000,1111,0,,--------:01011100,--------:00110110,0:0,1:1,0:0,-:0,1:1,1:1,0:0,1:1
SUCCESS at 1000 ns,,00000000,00000000,1111,0,,--------:01001101,--------:01100101,0:0,1:1,0:0,-:0,1:1,1:1,0:0,1:1
SUCCESS at 1100 ns,,00000000,00000000,1111,0,,--------:10001101,--------:01011110,0:0,1:1,0:0,-:1,1:1,1:1,0:0,1:1
SUCCESS at 1200 ns,,00000000,00000000,1111,0,,11110001:11110001,00011011:00011011,0:0,1:1,0:0,-:1,0:0,0:0,0:0,1:1
SUCCESS at 1300 ns,,00001100,00001101,0000,0,,00011001:00011001,00000000:00000000,0:0,0:0,0:0,0:0,0:0,0:0,0:0,1:1
SUCCESS at 1400 ns,,00000000,00000011,1110,0,,--------:00000000,--------:00000000,0:0,0:0,0:0,-:0,0:0,1:1,0:0,1:1
SUCCESS at 1500 ns,,00000000,00000000,1111,0,,--------:00000000,--------:00000000,0:0,1:1,0:0,-:0,0:0,1:1,1:1,1:1
SUCCESS at 1600 ns,,00000000,00000000,1111,0,,--------:00000000,--------:00000000,0:0,1:1,0:0,-:0,0:0,1:1,1:1,1:1
SUCCESS at 1700 ns,,00000000,00000000,1111,0,,--------:01011100,--------:00110110,0:0,1:1,0:0,-:0,1:1,1:1,1:1,1:1
SUCCESS at 1800 ns,,00000000,00000000,1111,0,,--------:01001101,--------:01100101,0:0,1:1,0:0,-:0,1:1,1:1,1:1,1:1
SUCCESS at 1900 ns,,00000000,00000000,1111,0,,--------:10001101,--------:01011110,0:0,1:1,0:0,-:1,1:1,1:1,1:1,1:1
SUCCESS at 2000 ns,,00000000,00000000,1111,0,,11110001:11110001,00011011:00011011,0:0,1:1,0:0,-:1,0:0,0:0,1:1,1:1
SUCCESS at 2100 ns,,00000001,00000001,0000,0,,00000010:00000010,00000000:00000000,0:0,1:1,0:0,0:0,0:0,0:0,1:1,1:1
SUCCESS at 2200 ns,,00000000,00000000,1111,0,,--------:00000000,--------:00000000,0:0,1:1,0:0,0:0,0:0,0:0,1:1,0:0
SUCCESS at 2300 ns,,00000000,00000000,1111,0,,--------:00000000,--------:00000000,0:0,1:1,0:0,0:0,0:0,0:0,1:1,0:0
SUCCESS at 2400 ns,,00000000,00000000,1111,0,,--------:00000000,--------:00000000,0:0,1:1,0:0,0:0,0:0,0:0,1:1,0:0
SUCCESS at 2500 ns,,00000000,00000000,1111,0,,--------:00000000,--------:00000000,0:0,1:1,0:0,0:0,0:0,0:0,1:1,0:0
SUCCESS at 2600 ns,,00000000,00000000,1111,0,,--------:00000000,--------:00000000,0:0,1:1,0:0,0:0,0:0,0:0,1:1,0:0
SUCCESS at 2700 ns,,00000000,00000000,1111,0,,--------:00000000,--------:00000000,0:0,1:1,0:0,0:0,0:0,0:0,1:1,1:1
SUCCESS at 2800 ns,,00000000,00000000,1111,0,,--------:00000000,--------:00000000,0:0,1:1,0:0,0:0,0:0,0:0,1:1,0:0
SUCCESS at 2900 ns,,00000000,00000000,1111,0,,--------:00000000,--------:00000000,0:0,1:1,0:0,0:0,0:0,0:0,1:1,0:0
SUCCESS at 3000 ns,,00000000,00000000,1111,0,,--------:00000000,--------:00000000,0:0,1:1,0:0,0:0,0:0,0:0,1:1,1:1
SUCCESS at 3100 ns,,00000000,00000000,1111,0,,--------:00000000,--------:00000000,0:0,1:1,0:0,0:0,0:0,0:0,1:1,0:0
SUCCESS at 3200 ns,,00000000,00000000,1111,0,,--------:00000000,--------:00000000,0:0,1:1,0:0,0:0,0:0,0:0,1:1,1:1
SUCCESS at 3300 ns,,00000000,00000000,1111,0,,--------:00000000,--------:00000000,0:0,1:1,0:0,0:0,0:0,0:0,1:1,0:0
SUCCESS at 3400 ns,,00000000,00000000,1111,0,,--------:00000000,--------:00000000,0:0,1:1,0:0,0:0,0:0,0:0,1:1,0:0
SUCCESS at 3500 ns,,00000000,00000000,1111,0,,--------:00000000,--------:00000000,0:0,1:1,0:0,0:0,0:0,0:0,1:1,0:0
SUCCESS at 3600 ns,,00000000,00000000,1111,0,,--------:00000000,--------:00000000,0:0,1:1,0:0,0:0,0:0,0:0,1:1,0:0
SUCCESS at 3700 ns,,00000000,00000000,1111,0,,--------:00000000,--------:00000000,0:0,1:1,0:0,0:0,0:0,0:0,1:1,0:0
SUCCESS at 3800 ns,,00000000,00000000,1111,0,,--------:00000000,--------:00000000,0:0,1:1,0:0,0:0,0:0,0:0,1:1,1:1
SUCCESS at 3900 ns,,00000000,00000000,1111,0,,--------:00000000,--------:00000000,0:0,1:1,0:0,0:0,0:0,0:0,1:1,0:0
SUCCESS at 4000 ns,,00000000,00000000,1111,0,,--------:00000000,--------:00000000,0:0,1:1,0:0,0:0,0:0,0:0,1:1,1:1
SUCCESS at 4100 ns,,00000000,00000000,1111,0,,--------:00000000,--------:00000000,0:0,1:1,0:0,0:0,0:0,0:0,1:1,0:0
SUCCESS at 4200 ns,,00000000,00000000,1111,0,,--------:00000000,--------:00000000,0:0,1:1,0:0,0:0,0:0,0:0,1:1,0:0
SUCCESS at 4300 ns,,00000000,00000000,1111,0,,--------:00000000,--------:00000000,0:0,1:1,0:0,0:0,0:0,0:0,1:1,0:0
SUCCESS at 4400 ns,,00000000,00000000,1111,0,,--------:00000000,--------:00000000,0:0,1:1,0:0,0:0,0:0,0:0,1:1,1:1
SUCCESS at 4500 ns,,00000000,00000000,1111,0,,--------:00000000,--------:00000000,0:0,1:1,0:0,0:0,0:0,0:0,1:1,0:0
SUCCESS at 4600 ns,,00000000,00000000,1111,0,,--------:00000000,--------:00000000,0:0,1:1,0:0,0:0,0:0,0:0,1:1,0:0
SUCCESS at 4700 ns,,00000000,00000000,1111,0,,--------:00000000,--------:00000000,0:0,1:1,0:0,0:0,0:0,0:0,1:1,0:0
SUCCESS at 4800 ns,,00000000,00000000,1111,0,,--------:00000000,--------:00000000,0:0,1:1,0:0,0:0,0:0,0:0,1:1,0:0
SUCCESS at 4900 ns,,00000000,00000000,1111,0,,--------:00000000,--------:00000000,0:0,1:1,0:0,0:0,0:0,0:0,1:1,0:0
SUCCESS at 5000 ns,,00000000,00000000,1111,0,,--------:00000000,--------:00000000,0:0,1:1,0:0,0:0,0:0,0:0,1:1,1:1
SUCCESS at 5100 ns,,00000000,00000000,1111,0,,--------:00000000,--------:00000000,0:0,1:1,0:0,0:0,0:0,0:0,1:1,1:1
SUCCESS at 5200 ns,,00000000,00000000,1111,0,,--------:00000000,--------:00000000,0:0,1:1,0:0,0:0,0:0,0:0,1:1,0:0
SUCCESS at 5300 ns,,00000000,00000000,1111,0,,--------:00000000,--------:00000000,0:0,1:1,0:0,0:0,0:0,0:0,1:1,1:1
SUCCESS at 5400 ns,,00000000,00000000,1111,0,,--------:00000000,--------:00000000,0:0,1:1,0:0,0:0,0:0,0:0,1:1,0:0
SUCCESS at 5500 ns,,00000000,00000000,1111,0,,--------:00000000,--------:00000000,0:0,1:1,0:0,0:0,0:0,0:0,1:1,0:0
SUCCESS at 5600 ns,,00000000,00000000,1111,0,,--------:00000000,--------:00000000,0:0,1:1,0:0,0:0,0:0,0:0,1:1,0:0
SUCCESS at 5700 ns,,00000000,00000000,1111,0,,--------:00000000,--------:00000000,0:0,1:1,0:0,0:0,0:0,0:0,1:1,0:0
SUCCESS at 5800 ns,,00000000,00000000,1111,0,,--------:00000000,--------:00000000,0:0,1:1,0:0,0:0,0:0,0:0,1:1,1:1
SUCCESS at 5900 ns,,00000000,00000000,1111,0,,--------:00000000,--------:00000000,0:0,1:1,0:0,0:0,0:0,0:0,1:1,0:0
SUCCESS at 6000 ns,,00000000,00000000,1111,0,,--------:00000000,--------:00000000,0:0,1:1,0:0,0:0,0:0,0:0,1:1,0:0
SUCCESS at 6100 ns,,00000000,00000000,1111,0,,--------:00000000,--------:00000000,0:0,1:1,0:0,0:0,0:0,0:0,1:1,1:1
SUCCESS at 6200 ns,,00000000,00000000,1111,0,,--------:00000000,--------:00000000,0:0,1:1,0:0,0:0,0:0,0:0,1:1,0:0
SUCCESS at 6300 ns,,00000000,00000000,1111,0,,--------:00000000,--------:00000000,0:0,1:1,0:0,0:0,0:0,0:0,1:1,0:0
SUCCESS at 6400 ns,,00000000,00000000,1111,0,,--------:00000000,--------:00000000,0:0,1:1,0:0,0:0,0:0,0:0,1:1,0:0
SUCCESS at 6500 ns,,00000000,00000000,1111,0,,--------:00000000,--------:00000000,0:0,1:1,0:0,0:0,0:0,0:0,1:1,0:0
SUCCESS at 6600 ns,,00000000,00000000,1111,0,,--------:00000000,--------:00000000,0:0,1:1,0:0,0:0,0:0,0:0,1:1,1:1
SUCCESS at 6700 ns,,00000000,00000000,1111,0,,--------:00000000,--------:00000000,0:0,1:1,0:0,0:0,0:0,0:0,1:1,1:1
SUCCESS at 6800 ns,,00000000,00000000,1111,0,,--------:00000000,--------:00000000,0:0,1:1,0:0,0:0,0:0,0:0,1:1,0:0
SUCCESS at 6900 ns,,00000000,00000000,1111,0,,--------:00000000,--------:00000000,0:0,1:1,0:0,0:0,0:0,0:0,1:1,1:1
SUCCESS at 7000 ns,,00000000,00000000,1111,0,,--------:00000000,--------:00000000,0:0,1:1,0:0,0:0,0:0,0:0,1:1,0:0
SUCCESS at 7100 ns,,00000000,00000000,1111,0,,--------:00000000,--------:00000000,0:0,1:1,0:0,0:0,0:0,0:0,1:1,0:0
SUCCESS at 7200 ns,,00000000,00000000,1111,0,,--------:00000000,--------:00000000,0:0,1:1,0:0,0:0,0:0,0:0,1:1,0:0
SUCCESS at 7300 ns,,00000000,00000000,1111,0,,--------:00000000,--------:00000000,0:0,1:1,0:0,0:0,0:0,0:0,1:1,1:1
SUCCESS at 7400 ns,,00000000,00000000,1111,0,,--------:00000000,--------:00000000,0:0,1:1,0:0,0:0,0:0,0:0,1:1,0:0
SUCCESS at 7500 ns,,00000000,00000000,1111,0,,--------:00000000,--------:00000000,0:0,1:1,0:0,0:0,0:0,0:0,1:1,0:0
SUCCESS at 7600 ns,,00000000,00000000,1111,0,,--------:00000000,--------:00000000,0:0,1:1,0:0,0:0,0:0,0:0,1:1,0:0
SUCCESS at 7700 ns,,00000000,00000000,1111,0,,--------:00000000,--------:00000000,0:0,1:1,0:0,0:0,0:0,0:0,1:1,0:0
SUCCESS at 7800 ns,,00000000,00000000,1111,0,,--------:00000000,--------:00000000,0:0,1:1,0:0,0:0,0:0,0:0,1:1,1:1
SUCCESS at 7900 ns,,00000000,00000000,1111,0,,--------:00000000,--------:00000000,0:0,1:1,0:0,0:0,0:0,0:0,1:1,1:1
SUCCESS at 8000 ns,,00000000,00000000,1111,0,,--------:00000000,--------:00000000,0:0,1:1,0:0,0:0,0:0,0:0,1:1,0:0
SUCCESS at 8100 ns,,00000000,00000000,1111,0,,--------:00000000,--------:00000000,0:0,1:1,0:0,0:0,0:0,0:0,1:1,1:1
SUCCESS at 8200 ns,,00000000,00000000,1111,0,,--------:00000000,--------:00000000,0:0,1:1,0:0,0:0,0:0,0:0,1:1,1:1
SUCCESS at 8300 ns,,00000000,00000000,1111,0,,--------:00000000,--------:00000000,0:0,1:1,0:0,0:0,0:0,0:0,1:1,1:1
SUCCESS at 8400 ns,,00000000,00000000,1111,0,,--------:00000000,--------:00000000,0:0,1:1,0:0,0:0,0:0,0:0,1:1,1:1
SUCCESS at 8500 ns,,00000000,00000000,1111,0,,--------:00000000,--------:00000000,0:0,1:1,0:0,0:0,0:0,0:0,1:1,1:1
SUCCESS at 8600 ns,,00000000,00000000,1111,0,,--------:00000000,--------:00000000,0:0,1:1,0:0,0:0,0:0,0:0,1:1,0:0
SUCCESS at 8700 ns,,00000000,00000000,1111,0,,--------:00000000,--------:00000000,0:0,1:1,0:0,0:0,0:0,0:0,1:1,1:1
SUCCESS at 8800 ns,,00000000,00000000,1111,0,,--------:00000000,--------:00000000,0:0,1:1,0:0,0:0,0:0,0:0,1:1,0:0
SUCCESS at 8900 ns,,00000000,00000000,1111,0,,--------:00000000,--------:00000000,0:0,1:1,0:0,0:0,0:0,0:0,1:1,0:0
SUCCESS at 9000 ns,,00000000,00000000,1111,0,,--------:00000000,--------:00000000,0:0,1:1,0:0,0:0,0:0,0:0,1:1,0:0
SUCCESS at 9100 ns,,00000000,00000000,1111,0,,--------:00000000,--------:00000000,0:0,1:1,0:0,0:0,0:0,0:0,1:1,1:1
SUCCESS at 9200 ns,,00000000,00000000,1111,0,,--------:00000000,--------:00000000,0:0,1:1,0:0,0:0,0:0,0:0,1:1,1:1
SUCCESS at 9300 ns,,00000000,00000000,1111,0,,--------:00000000,--------:00000000,0:0,1:1,0:0,0:0,0:0,0:0,1:1,0:0
SUCCESS at 9400 ns,,00000000,00000000,1111,0,,--------:00000000,--------:00000000,0:0,1:1,0:0,0:0,0:0,0:0,1:1,1:1
SUCCESS at 9500 ns,,00000000,00000000,1111,0,,--------:00000000,--------:00000000,0:0,1:1,0:0,0:0,0:0,0:0,1:1,1:1
SUCCESS at 9600 ns,,00000000,00000000,1111,0,,--------:00000000,--------:00000000,0:0,1:1,0:0,0:0,0:0,0:0,1:1,1:1
SUCCESS at 9700 ns,,00000000,00000000,1111,0,,--------:00000000,--------:00000000,0:0,1:1,0:0,0:0,0:0,0:0,1:1,1:1
SUCCESS at 9800 ns,,00000000,00000000,1111,0,,--------:00000000,--------:00000000,0:0,1:1,0:0,0:0,0:0,0:0,1:1,1:1
SUCCESS at 9900 ns,,00000000,00000000,1111,0,,--------:00000000,--------:00000000,0:0,1:1,0:0,0:0,0:0,0:0,1:1,1:1
SUCCESS at 10000 ns,,00000000,00000000,1111,0,,--------:00000000,--------:00000000,0:0,1:1,0:0,0:0,0:0,0:0,1:1,1:1
SUCCESS at 10100 ns,,00000000,00000000,1111,0,,--------:00000000,--------:00000000,0:0,1:1,0:0,0:0,0:0,0:0,1:1,1:1
SUCCESS at 10200 ns,,00000000,00000000,1111,0,,--------:00000000,--------:00000000,0:0,1:1,0:0,0:0,0:0,0:0,1:1,1:1
SUCCESS at 10300 ns,,00000000,00000000,1111,0,,--------:00000000,--------:00000000,0:0,1:1,0:0,0:0,0:0,0:0,1:1,1:1
SUCCESS at 10400 ns,,00000000,00000000,1111,0,,--------:00000000,--------:00000000,0:0,1:1,0:0,0:0,0:0,0:0,0:0,1:1
SUCCESS at 10500 ns,,00001000,00001000,0000,0,,00010000:00010000,--------:00000000,0:0,1:1,0:0,0:0,0:0,0:0,0:0,1:1
SUCCESS at 10600 ns,,01111111,00000001,0000,0,,10000000:10000000,--------:00000000,1:1,0:0,1:1,1:1,0:0,0:0,0:0,1:1
SUCCESS at 10700 ns,,01111111,01111111,0000,0,,11111110:11111110,--------:00000000,1:1,1:1,1:1,1:1,0:0,0:0,0:0,1:1
SUCCESS at 10800 ns,,01111111,10000001,0000,0,,00000000:00000000,--------:00000000,0:0,0:0,0:0,0:0,0:0,0:0,0:0,1:1
SUCCESS at 10900 ns,,01111111,10000000,0000,0,,11111111:11111111,--------:11111111,0:0,0:0,0:0,1:1,0:0,0:0,0:0,1:1
SUCCESS at 11000 ns,,10000000,10000000,0000,0,,00000000:00000000,--------:11111111,0:0,1:1,1:1,0:0,0:0,0:0,0:0,1:1
FAILURE at 11100 ns,,10000000,10000001,0000,0,,11111111:00000001,--------:11111111,1:0,0:0,1:1,1:0,0:0,0:0,0:0,1:1
FAILURE at 11200 ns,,00101011,01111010,0000,0,,10011100:10100101,--------:00000000,1:1,0:0,1:1,1:1,0:0,0:0,0:0,1:1
SUCCESS at 11300 ns,,00000000,00000000,0001,0,,00000000:00000000,--------:00000000,0:0,1:1,0:0,0:0,0:0,0:0,0:0,1:1
SUCCESS at 11400 ns,,00000111,00000100,0001,0,,00000011:00000011,--------:00000000,0:0,0:0,0:0,0:0,0:0,0:0,0:0,1:1
SUCCESS at 11500 ns,,00000100,00000111,0001,0,,11111101:11111101,--------:11111111,1:1,0:0,0:0,1:1,0:0,0:0,0:0,1:1
SUCCESS at 11600 ns,,00000111,00000111,0001,0,,00000000:00000000,--------:00000000,0:0,1:1,0:0,0:0,0:0,0:0,0:0,1:1
SUCCESS at 11700 ns,,10000000,10000000,0001,0,,00000000:00000000,--------:00000000,0:0,1:1,0:0,0:0,0:0,0:0,0:0,1:1
SUCCESS at 11800 ns,,10000000,00000001,0001,0,,01111111:01111111,--------:11111111,0:0,0:0,1:1,0:0,0:0,0:0,0:0,1:1
SUCCESS at 11900 ns,,10000000,01111111,0001,0,,00000001:00000001,--------:11111111,0:0,0:0,1:1,0:0,0:0,0:0,0:0,1:1
FAILURE at 12000 ns,,10011100,11111111,0001,0,,10011101:10011101,--------:11111111,0:1,0:0,0:0,1:1,0:0,0:0,0:0,1:1
SUCCESS at 12100 ns,,10011100,00000001,0001,0,,10011011:10011011,--------:11111111,0:0,0:0,0:0,1:1,0:0,0:0,0:0,1:1
SUCCESS at 12200 ns,,10011100,00110010,0001,0,,01101010:01101010,--------:11111111,0:0,0:0,1:1,0:0,0:0,0:0,0:0,1:1
SUCCESS at 12300 ns,,00101010,00000010,0001,0,,00101000:00101000,--------:00000000,0:0,0:0,0:0,0:0,0:0,0:0,0:0,1:1
SUCCESS at 12400 ns,,00000010,00000010,0010,0,,00001000:00001000,00000000:00000000,0:0,1:1,0:0,0:0,0:0,0:0,0:0,1:1
SUCCESS at 12500 ns,,01111111,01111111,0010,0,,11111100:11111100,00000001:00000001,0:0,1:1,0:0,0:0,0:0,0:0,0:0,1:1
FAILURE at 12600 ns,,01111111,10000001,0010,0,,00000000:00000000,00000000:00000000,0:0,1:0,0:0,0:0,0:0,0:0,0:0,1:1
SUCCESS at 12700 ns,,00000011,00000111,0010,0,,00010100:00010100,00000000:00000000,0:0,0:0,0:0,0:0,0:0,0:0,0:0,1:1
SUCCESS at 12800 ns,,01100100,01100101,0010,0,,10010010:10010010,00000001:00000001,0:0,0:0,0:0,0:0,0:0,0:0,0:0,1:1
SUCCESS at 12900 ns,,10000000,00000000,0010,0,,00000000:00000000,11111111:11111111,0:0,0:0,0:0,1:1,0:0,0:0,0:0,1:1
FAILURE at 13000 ns,,10000000,10000000,0010,0,,00000000:00000000,11111110:11111110,0:0,0:1,0:0,1:1,0:0,0:0,0:0,1:1
SUCCESS at 13100 ns,,11111111,11111111,0010,0,,11111100:11111100,11111111:11111111,0:0,1:1,0:0,1:1,0:0,0:0,0:0,1:1
FAILURE at 13200 ns,,00000010,00000010,0011,0,,00010000:00010000,11111111:00000000,0:0,1:1,0:0,0:0,0:0,0:0,0:0,1:1
FAILURE at 13300 ns,,01111111,01111111,0011,0,,11111000:11111000,00000001:00000011,0:0,1:1,0:0,0:0,0:0,0:0,0:0,1:1
FAILURE at 13400 ns,,01111111,10000001,0011,0,,00000000:00000000,00000000:00000000,0:0,1:0,0:0,0:0,0:0,0:0,0:0,1:1
SUCCESS at 13500 ns,,00000011,00000111,0011,0,,00101000:00101000,00000000:00000000,0:0,0:0,0:0,0:0,0:0,0:0,0:0,1:1
FAILURE at 13600 ns,,01100100,01100101,0011,0,,00100100:00100100,00000010:00000011,0:0,0:0,0:0,0:0,0:0,0:0,0:0,1:1
SUCCESS at 13700 ns,,10000000,00000000,0011,0,,00000000:00000000,11111110:11111110,0:0,0:0,0:0,1:1,0:0,0:0,0:0,1:1
FAILURE at 13800 ns,,10000000,10000000,0011,0,,00000000:00000000,11111100:11111100,0:0,0:1,0:0,1:1,0:0,0:0,0:0,1:1
SUCCESS at 13900 ns,,11111111,11111111,0011,0,,11111000:11111000,11111111:11111111,0:0,1:1,0:0,1:1,0:0,0:0,0:0,1:1
SUCCESS at 14000 ns,,00000000,00000000,0100,0,,00000000:00000000,--------:00000000,0:0,-:1,0:0,0:0,0:0,0:0,0:0,1:1
SUCCESS at 14100 ns,,00001111,00000000,0100,0,,11110001:11110001,--------:11111111,1:1,-:0,0:0,1:1,0:0,0:0,0:0,1:1
SUCCESS at 14200 ns,,01111111,00000000,0100,0,,10000001:10000001,--------:11111111,1:1,-:0,0:0,1:1,0:0,0:0,0:0,1:1
FAILURE at 14300 ns,,00101010,00000000,0100,0,,00101010:11010110,--------:11111111,0:1,-:0,0:0,0:1,0:0,0:0,0:0,1:1
SUCCESS at 14400 ns,,00000001,00000000,0100,0,,11111111:11111111,--------:11111111,1:1,-:0,0:0,1:1,0:0,0:0,0:0,1:1
SUCCESS at 14500 ns,,11110001,00000000,0100,0,,00001111:00001111,--------:00000000,0:0,-:0,0:0,0:0,0:0,0:0,0:0,1:1
SUCCESS at 14600 ns,,10000001,00000000,0100,0,,01111111:01111111,--------:00000000,0:0,-:0,0:0,0:0,0:0,0:0,0:0,1:1
FAILURE at 14700 ns,,00101010,00000000,0100,0,,00101010:11010110,--------:11111111,0:1,-:0,0:0,0:1,0:0,0:0,0:0,1:1
SUCCESS at 14800 ns,,11111111,00000000,0100,0,,00000001:00000001,--------:00000000,0:0,-:0,0:0,0:0,0:0,0:0,0:0,1:1
SUCCESS at 14900 ns,,10000000,00000000,0100,0,,10000000:10000000,--------:00000000,1:1,-:0,1:1,1:1,0:0,0:0,0:0,1:1
SUCCESS at 15000 ns,,00000000,00000000,0101,0,,00000000:00000000,--------:00000000,0:0,-:1,0:0,0:0,0:0,0:0,0:0,1:1
SUCCESS at 15100 ns,,00001111,00000000,0101,0,,00011110:00011110,--------:00000000,0:0,-:0,0:0,0:0,0:0,0:0,0:0,1:1
SUCCESS at 15200 ns,,01111111,00000000,0101,0,,11111110:11111110,--------:00000000,1:1,-:0,1:1,1:1,0:0,0:0,0:0,1:1
SUCCESS at 15300 ns,,00101010,00000000,0101,0,,01010100:01010100,--------:00000000,0:0,-:0,0:0,0:0,0:0,0:0,0:0,1:1
SUCCESS at 15400 ns,,00000001,00000000,0101,0,,00000010:00000010,--------:00000000,0:0,-:0,0:0,0:0,0:0,0:0,0:0,1:1
SUCCESS at 15500 ns,,11110001,00000000,0101,0,,11100010:11100010,--------:11111111,0:0,-:0,0:0,1:1,0:0,0:0,0:0,1:1
SUCCESS at 15600 ns,,10000001,00000000,0101,0,,00000010:00000010,--------:11111111,0:0,-:0,1:1,0:0,0:0,0:0,0:0,1:1
SUCCESS at 15700 ns,,00101010,00000000,0101,0,,01010100:01010100,--------:00000000,0:0,-:0,0:0,0:0,0:0,0:0,0:0,1:1
SUCCESS at 15800 ns,,11111111,00000000,0101,0,,11111110:11111110,--------:11111111,0:0,-:0,0:0,1:1,0:0,0:0,0:0,1:1
SUCCESS at 15900 ns,,10000000,00000000,0101,0,,00000000:00000000,--------:11111111,0:0,-:0,1:1,0:0,0:0,0:0,0:0,1:1
SUCCESS at 16000 ns,,00000000,00000000,0110,0,,00000000:00000000,--------:00000000,0:0,-:1,0:0,0:0,0:0,0:0,0:0,1:1
SUCCESS at 16100 ns,,00001111,00000000,0110,0,,00000111:00000111,--------:00000000,0:0,-:0,0:0,0:0,0:0,0:0,0:0,1:1
SUCCESS at 16200 ns,,01111111,00000000,0110,0,,00111111:00111111,--------:00000000,0:0,-:0,0:0,0:0,0:0,0:0,0:0,1:1
SUCCESS at 16300 ns,,00101010,00000000,0110,0,,00010101:00010101,--------:00000000,0:0,-:0,0:0,0:0,0:0,0:0,0:0,1:1
SUCCESS at 16400 ns,,00000001,00000000,0110,0,,00000000:00000000,--------:00000000,0:0,-:0,0:0,0:0,0:0,0:0,0:0,1:1
FAILURE at 16500 ns,,11110001,00000000,0110,0,,11111001:11111000,--------:01111111,0:0,-:0,0:1,1:1,0:0,0:0,0:0,1:1
FAILURE at 16600 ns,,10000001,00000000,0110,0,,11000001:11000000,--------:01111111,0:0,-:0,0:1,1:1,0:0,0:0,0:0,1:1
SUCCESS at 16700 ns,,00101010,00000000,0110,0,,00010101:00010101,--------:00000000,0:0,-:0,0:0,0:0,0:0,0:0,0:0,1:1
FAILURE at 16800 ns,,11111111,00000000,0110,0,,00000000:11111111,--------:01111111,0:0,-:0,0:1,0:1,0:0,0:0,0:0,1:1
FAILURE at 16900 ns,,10000000,00000000,0110,0,,11000000:11000000,--------:01111111,0:0,-:0,0:1,1:1,0:0,0:0,0:0,1:1
SUCCESS at 17000 ns,,00000000,00000000,0111,0,,00000000:00000000,--------:00000000,0:0,-:1,0:0,0:0,0:0,0:0,0:0,1:1
SUCCESS at 17100 ns,,01010101,00000000,0111,0,,10101010:10101010,--------:11111111,0:0,-:0,0:0,1:1,0:0,0:0,0:0,1:1
SUCCESS at 17200 ns,,00110011,00000000,0111,0,,01100110:01100110,--------:00000000,0:0,-:0,0:0,0:0,0:0,0:0,0:0,1:1
SUCCESS at 17300 ns,,00001111,00000000,0111,0,,00011110:00011110,--------:00000000,0:0,-:0,0:0,0:0,0:0,0:0,0:0,1:1
SUCCESS at 17400 ns,,11110000,00000000,0111,0,,11100001:11100001,--------:11111111,0:0,-:0,0:0,1:1,0:0,0:0,0:0,1:1
SUCCESS at 17500 ns,,11001100,00000000,0111,0,,10011001:10011001,--------:11111111,0:0,-:0,0:0,1:1,0:0,0:0,0:0,1:1
SUCCESS at 17600 ns,,10101010,00000000,0111,0,,01010101:01010101,--------:00000000,0:0,-:0,0:0,0:0,0:0,0:0,0:0,1:1
SUCCESS at 17700 ns,,00010000,00000000,0111,0,,00100000:00100000,--------:00000000,0:0,-:0,0:0,0:0,0:0,0:0,0:0,1:1
SUCCESS at 17800 ns,,11111111,00000000,0111,0,,11111111:11111111,--------:11111111,0:0,-:0,0:0,1:1,0:0,0:0,0:0,1:1
SUCCESS at 17900 ns,,11111110,00000000,0111,0,,11111101:11111101,--------:11111111,0:0,-:0,0:0,1:1,0:0,0:0,0:0,1:1
SUCCESS at 18000 ns,,11111100,00000000,0111,0,,11111001:11111001,--------:11111111,0:0,-:0,0:0,1:1,0:0,0:0,0:0,1:1
SUCCESS at 18100 ns,,00000001,00000000,0111,0,,00000010:00000010,--------:00000000,0:0,-:0,0:0,0:0,0:0,0:0,0:0,1:1
SUCCESS at 18200 ns,,00000000,00000000,1000,0,,00000000:00000000,--------:00000000,0:0,-:1,0:0,0:0,0:0,0:0,0:0,1:1
SUCCESS at 18300 ns,,01010101,00000000,1000,0,,10101010:10101010,--------:11111111,0:0,-:0,0:0,1:1,0:0,0:0,0:0,1:1
SUCCESS at 18400 ns,,00110011,00000000,1000,0,,10011001:10011001,--------:11111111,0:0,-:0,0:0,1:1,0:0,0:0,0:0,1:1
SUCCESS at 18500 ns,,00001111,00000000,1000,0,,10000111:10000111,--------:11111111,0:0,-:0,0:0,1:1,0:0,0:0,0:0,1:1
SUCCESS at 18600 ns,,11110000,00000000,1000,0,,01111000:01111000,--------:00000000,0:0,-:0,0:0,0:0,0:0,0:0,0:0,1:1
SUCCESS at 18700 ns,,11001100,00000000,1000,0,,01100110:01100110,--------:00000000,0:0,-:0,0:0,0:0,0:0,0:0,0:0,1:1
SUCCESS at 18800 ns,,10101010,00000000,1000,0,,01010101:01010101,--------:00000000,0:0,-:0,0:0,0:0,0:0,0:0,0:0,1:1
SUCCESS at 18900 ns,,00010000,00000000,1000,0,,00001000:00001000,--------:00000000,0:0,-:0,0:0,0:0,0:0,0:0,0:0,1:1
SUCCESS at 19000 ns,,11111111,00000000,1000,0,,11111111:11111111,--------:11111111,0:0,-:0,0:0,1:1,0:0,0:0,0:0,1:1
SUCCESS at 19100 ns,,11111110,00000000,1000,0,,01111111:01111111,--------:00000000,0:0,-:0,0:0,0:0,0:0,0:0,0:0,1:1
SUCCESS at 19200 ns,,11111100,00000000,1000,0,,01111110:01111110,--------:00000000,0:0,-:0,0:0,0:0,0:0,0:0,0:0,1:1
SUCCESS at 19300 ns,,00000001,00000000,1000,0,,10000000:10000000,--------:11111111,0:0,-:0,0:0,1:1,0:0,0:0,0:0,1:1
SUCCESS at 19400 ns,,00001000,00001000,1001,0,,01000000:01000000,00000000:00000000,0:0,1:1,0:0,0:0,0:0,0:0,0:0,1:1
SUCCESS at 19500 ns,,01111111,00000001,1001,0,,01111111:01111111,00000000:00000000,0:0,0:0,0:0,0:0,0:0,0:0,0:0,1:1
FAILURE at 19600 ns,,01111111,01111111,1001,0,,00000001:00000001,00111111:00111111,0:0,0:1,0:0,0:0,0:0,0:0,0:0,1:1
SUCCESS at 19700 ns,,01111111,10000001,1001,0,,11111111:11111111,11000000:11000000,0:0,0:0,0:0,1:1,0:0,0:0,0:0,1:1
SUCCESS at 19800 ns,,01111111,10000000,1001,0,,10000000:10000000,11000000:11000000,0:0,0:0,0:0,1:1,0:0,0:0,0:0,1:1
SUCCESS at 19900 ns,,10000000,10000000,1001,0,,00000000:00000000,01000000:01000000,0:0,1:1,0:0,0:0,0:0,0:0,0:0,1:1
SUCCESS at 20000 ns,,10000000,10000001,1001,0,,10000000:10000000,00111111:00111111,0:0,0:0,0:0,0:0,0:0,0:0,0:0,1:1
SUCCESS at 20100 ns,,00101011,01111010,1001,0,,01111110:01111110,00010100:00010100,0:0,0:0,0:0,0:0,0:0,0:0,0:0,1:1
